Date,Name,Year,Letterboxd URI
2023-10-06,Saw 3D,2010,https://boxd.it/Znk
2023-10-06,Black Bird,2022,https://boxd.it/BCSe
2023-10-06,Hannibal Rising,2007,https://boxd.it/2916
2023-10-06,Red Dragon,2002,https://boxd.it/1Yrs
2023-10-06,Black Swan,2010,https://boxd.it/Sw0
2023-10-06,The Skin I Live In,2011,https://boxd.it/99A
2023-10-07,Interstellar,2014,https://boxd.it/4VZ8
2023-10-07,Midsommar,2019,https://boxd.it/jhxe
2023-10-07,The Wolf of Wall Street,2013,https://boxd.it/3C1m
2023-10-07,Nope,2022,https://boxd.it/sDCe
2023-10-07,The Silence of the Lambs,1991,https://boxd.it/2aHW
2023-10-07,The Matrix,1999,https://boxd.it/2a1m
2023-10-07,10 Things I Hate About You,1999,https://boxd.it/23AO
2023-10-07,Mad Max: Fury Road,2015,https://boxd.it/2DjO
2023-10-07,A Quiet Place,2018,https://boxd.it/fVJQ
2023-10-07,X,2022,https://boxd.it/sxVa
2023-10-07,Mean Girls,2004,https://boxd.it/1VNg
2023-10-07,Pearl,2022,https://boxd.it/zPbe
2023-10-07,Don't Worry Darling,2022,https://boxd.it/mViu
2023-10-07,Home Alone,1990,https://boxd.it/29Fg
2023-10-07,Split,2016,https://boxd.it/dgSy
2023-10-07,Elvis,2022,https://boxd.it/mK4w
2023-10-07,Clueless,1995,https://boxd.it/1Ygk
2023-10-07,Pirates of the Caribbean: The Curse of the Black Pearl,2003,https://boxd.it/70G
2023-10-07,The Great Gatsby,2013,https://boxd.it/JY
2023-10-07,Bones and All,2022,https://boxd.it/tLd4
2023-10-07,mother!,2017,https://boxd.it/dgRU
2023-10-07,The Pianist,2002,https://boxd.it/2aqc
2023-10-07,The Conjuring,2013,https://boxd.it/4sr2
2023-10-07,Cruella,2021,https://boxd.it/bbKg
2023-10-07,The Imitation Game,2014,https://boxd.it/6aig
2023-10-07,The Sixth Sense,1999,https://boxd.it/29Js
2023-10-07,Snowpiercer,2013,https://boxd.it/3Icg
2023-10-07,Scream,2022,https://boxd.it/o0lg
2023-10-07,Smile,2022,https://boxd.it/xjfE
2023-10-07,The Invisible Man,2020,https://boxd.it/kWlA
2023-10-07,13 Going on 30,2004,https://boxd.it/1X6e
2023-10-07,Rocketman,2019,https://boxd.it/iehK
2023-10-07,Old,2021,https://boxd.it/npKI
2023-10-07,The Theory of Everything,2014,https://boxd.it/7YtA
2023-10-07,The Platform,2019,https://boxd.it/mUm6
2023-10-07,The Conjuring 2,2016,https://boxd.it/7GJg
2023-10-07,Buffalo '66,1998,https://boxd.it/1YC6
2023-10-09,A Clockwork Orange,1971,https://boxd.it/2aVE
2023-10-13,The Prestige,2006,https://boxd.it/293w
2023-10-23,Saw,2004,https://boxd.it/2aWW
2023-10-23,Saw II,2005,https://boxd.it/2aRs
2023-10-23,Saw III,2006,https://boxd.it/2aRC
2023-10-23,Saw IV,2007,https://boxd.it/29Sa
2023-10-23,Saw V,2008,https://boxd.it/1SMa
2023-10-23,Saw VI,2009,https://boxd.it/1A2y
2023-10-23,Jigsaw,2017,https://boxd.it/9sDs
2023-10-26,Suspiria,1977,https://boxd.it/1SNW
2023-10-27,Get Out,2017,https://boxd.it/eOCm
2023-10-27,American Psycho,2000,https://boxd.it/28Vs
2023-10-27,Whiplash,2014,https://boxd.it/7bQA
2023-10-27,The Menu,2022,https://boxd.it/lScm
2023-10-27,Inception,2010,https://boxd.it/1skk
2023-10-27,Barbarian,2022,https://boxd.it/yohi
2023-10-27,The Hunger Games,2012,https://boxd.it/2uds
2023-10-27,Arrival,2016,https://boxd.it/aNGk
2023-10-27,Catch Me If You Can,2002,https://boxd.it/29VS
2023-10-27,The Nun II,2023,https://boxd.it/AyRY
2023-10-27,The Pale Blue Eye,2022,https://boxd.it/u8tk
2023-10-27,The Last Letter from Your Lover,2021,https://boxd.it/nGzM
2023-10-27,You're Next,2011,https://boxd.it/2WWK
2023-11-01,Nightcrawler,2014,https://boxd.it/780m
2023-11-01,Joker,2019,https://boxd.it/h4cS
2023-11-01,Baby Driver,2017,https://boxd.it/bhF2
2023-11-01,Hereditary,2018,https://boxd.it/hNVe
2023-11-01,Don't Look Up,2021,https://boxd.it/o0Hc
2023-11-01,Soul,2020,https://boxd.it/ioLA
2023-11-01,Top Gun: Maverick,2022,https://boxd.it/cjr4
2023-11-01,Back to the Future,1985,https://boxd.it/2b8e
2023-11-01,Harry Potter and the Deathly Hallows: Part 1,2010,https://boxd.it/1RYu
2023-11-01,Harry Potter and the Half-Blood Prince,2009,https://boxd.it/29FU
2023-11-01,Harry Potter and the Order of the Phoenix,2007,https://boxd.it/29Qe
2023-11-01,Harry Potter and the Deathly Hallows: Part 2,2011,https://boxd.it/1RYk
2023-11-01,Harry Potter and the Chamber of Secrets,2002,https://boxd.it/29QI
2023-11-01,Harry Potter and the Goblet of Fire,2005,https://boxd.it/29Qo
2023-11-01,Harry Potter and the Prisoner of Azkaban,2004,https://boxd.it/29Qy
2023-11-01,Charlie and the Chocolate Factory,2005,https://boxd.it/2b68
2023-11-01,Alice in Wonderland,2010,https://boxd.it/1Spq
2023-11-01,(500) Days of Summer,2009,https://boxd.it/1EmM
2023-11-01,About Time,2013,https://boxd.it/43bI
2023-11-01,Ex Machina,2015,https://boxd.it/7T2k
2023-11-01,The Worst Person in the World,2021,https://boxd.it/oyws
2023-11-01,The Black Phone,2021,https://boxd.it/sqFE
2023-11-01,Gravity,2013,https://boxd.it/GZY
2023-11-01,Mr. & Mrs. Smith,2005,https://boxd.it/29CG
2023-11-01,Lucy,2014,https://boxd.it/75hu
2023-11-01,The Conjuring: The Devil Made Me Do It,2021,https://boxd.it/eXZY
2023-11-01,Me Before You,2016,https://boxd.it/9n98
2023-11-01,Hush,2016,https://boxd.it/d5ys
2023-11-01,Orphan,2009,https://boxd.it/1CgM
2023-11-01,Blonde,2022,https://boxd.it/9AG0
2023-11-01,Run,2020,https://boxd.it/jVM4
2023-11-01,Fifty Shades of Grey,2015,https://boxd.it/6qLo
2023-11-01,Fifty Shades Darker,2017,https://boxd.it/bm2E
2023-11-01,Fifty Shades Freed,2018,https://boxd.it/bb5C
2023-11-01,The Piano Teacher,2001,https://boxd.it/2886
2023-11-03,Pawn Sacrifice,2014,https://boxd.it/7dlE
2023-11-03,Killing Me Softly,2002,https://boxd.it/1Ofm
2023-11-04,Luckiest Girl Alive,2022,https://boxd.it/u5Sw
2023-11-04,DAHMER - Monster: The Jeffrey Dahmer Story,2022,https://boxd.it/CRG0
2023-11-04,The Tinder Swindler,2022,https://boxd.it/yMLw
2023-11-04,Escape Room,2019,https://boxd.it/iYlS
2023-11-04,Escape Room: Tournament of Champions,2021,https://boxd.it/lwCM
2023-11-04,The Purge,2013,https://boxd.it/4Xg0
2023-11-04,The Purge: Anarchy,2014,https://boxd.it/71zk
2023-11-04,The Purge: Election Year,2016,https://boxd.it/ae5I
2023-11-04,The Forever Purge,2021,https://boxd.it/mdzc
2023-11-04,The First Purge,2018,https://boxd.it/fJfk
2023-11-04,Home Alone 2: Lost in New York,1992,https://boxd.it/29F6
2023-11-05,The Shawshank Redemption,1994,https://boxd.it/2aHi
2023-11-05,Holy Spider,2022,https://boxd.it/xBn2
2023-11-05,Fresh,2022,https://boxd.it/tCNi
2023-11-07,Signs,2002,https://boxd.it/26t2
2023-11-07,The Village,2004,https://boxd.it/21iS
2023-11-07,The Visit,2015,https://boxd.it/9ssO
2023-11-07,Glass,2019,https://boxd.it/g3uO
2023-11-09,Hannibal,2001,https://boxd.it/1XVc
2023-11-09,The Shining,1980,https://boxd.it/29Nu
2023-11-15,Lolita,1962,https://boxd.it/29Ag
2023-11-17,Memento,2000,https://boxd.it/2bcK
2023-11-17,The Vow,2012,https://boxd.it/2o4Y
2023-11-20,Requiem for a Dream,2000,https://boxd.it/29VI
2023-12-02,The Crow,1994,https://boxd.it/1Yxq
2023-12-02,Eyes Wide Shut,1999,https://boxd.it/2axs
2023-12-03,Lords of Chaos,2018,https://boxd.it/f5no
2023-12-04,Fantastic Planet,1973,https://boxd.it/1KnQ
2023-12-27,Oldboy,2003,https://boxd.it/29R2
2024-01-08,White Chicks,2004,https://boxd.it/1SpK
2024-01-19,The Sheik,1921,https://boxd.it/19Ha
2024-01-20,Audition,1999,https://boxd.it/1UHm
2024-05-28,"Sky, Wind, Fire, Water, Earth",2001,https://boxd.it/7dkG
2024-06-05,Shame,2011,https://boxd.it/2CxU
2024-06-21,The Exorcist,1973,https://boxd.it/1Yoo
2024-06-21,Inglourious Basterds,2009,https://boxd.it/1JzG
2024-06-22,1922,2017,https://boxd.it/g8CS
2024-06-25,Coco,2017,https://boxd.it/bYJQ
2024-06-25,Sinister,2012,https://boxd.it/2TnW
2024-06-25,Sinister 2,2015,https://boxd.it/8L58
2024-06-25,The Hills Have Eyes,2006,https://boxd.it/1XNC
2024-11-02,Kill Bill: Vol. 1,2003,https://boxd.it/70w
2024-11-02,Kill Bill: Vol. 2,2004,https://boxd.it/2au4
2024-11-03,The Substance,2024,https://boxd.it/zanS
2024-11-06,The Machinist,2004,https://boxd.it/248c
2024-11-08,Smile 2,2024,https://boxd.it/FDA4
2024-12-04,No Country for Old Men,2007,https://boxd.it/21ew
2024-12-04,Pulp Fiction,1994,https://boxd.it/29Pq
2024-12-04,Room,2015,https://boxd.it/7T0y
2024-12-06,Heretic,2024,https://boxd.it/H1lY
2024-12-08,Full Metal Jacket,1987,https://boxd.it/2a1Q
2024-12-16,"Girl, Interrupted",1999,https://boxd.it/25ds
2025-01-13,Head to Head,2023,https://boxd.it/HCyg
2025-01-13,There Will Be Blood,2007,https://boxd.it/20Z2
2025-03-18,Wonka,2023,https://boxd.it/tCQm
2025-03-23,Fight Club,1999,https://boxd.it/2a9q
2025-04-05,The Killer,2023,https://boxd.it/u6WE
2025-04-05,"I, Tonya",2017,https://boxd.it/dzR0
2025-04-07,Longlegs,2024,https://boxd.it/KzLM
2025-04-07,Blink Twice,2024,https://boxd.it/vIOg
2025-04-20,Novocaine,2025,https://boxd.it/JmdA
2025-04-20,Black Mirror: Eulogy,2025,https://boxd.it/U1Ww
2025-04-20,Black Mirror: Common People,2025,https://boxd.it/U1Vy
2025-04-20,Black Mirror: USS Callister – Into Infinity,2025,https://boxd.it/U1Wm
2025-04-20,Black Mirror: Plaything,2025,https://boxd.it/U1VS
2025-04-20,Black Mirror: Bête Noire,2025,https://boxd.it/U1VI
2025-04-20,Black Mirror: Hotel Reverie,2025,https://boxd.it/U1V4
2025-04-20,Black Mirror: Men Against Fire,2016,https://boxd.it/hSBS
2025-04-20,Black Mirror: Metalhead,2017,https://boxd.it/hRqk
2025-04-20,Black Mirror: Crocodile,2017,https://boxd.it/hRoS
2025-04-20,Black Mirror: The Waldo Moment,2013,https://boxd.it/hRpQ
2025-04-20,Black Mirror: Hated in the Nation,2016,https://boxd.it/hSBI
2025-04-20,Black Mirror: Smithereens,2019,https://boxd.it/mltc
2025-04-20,Black Mirror: Arkangel,2017,https://boxd.it/hQXW
2025-04-20,"Black Mirror: Rachel, Jack and Ashley Too",2019,https://boxd.it/mltQ
2025-04-20,Black Mirror: Playtest,2016,https://boxd.it/hRR6
2025-04-20,Black Mirror: Be Right Back,2013,https://boxd.it/hRpw
2025-04-20,Black Mirror: Striking Vipers,2019,https://boxd.it/mlse
2025-04-20,Black Mirror: Black Museum,2017,https://boxd.it/hRqu
2025-04-20,Black Mirror: Mazey Day,2023,https://boxd.it/H7QS
2025-04-20,Black Mirror: Demon 79,2023,https://boxd.it/H7Rc
2025-04-20,Black Mirror: The Entire History of You,2011,https://boxd.it/hQZ4
2025-04-20,Black Mirror: White Bear,2013,https://boxd.it/hRpG
2025-04-20,Black Mirror: USS Callister,2017,https://boxd.it/hQXi
2025-04-20,Black Mirror: Fifteen Million Merits,2011,https://boxd.it/hQYU
2025-04-20,Black Mirror: The National Anthem,2011,https://boxd.it/hQYK
2025-04-20,Black Mirror: Hang the DJ,2017,https://boxd.it/hQYA
2025-04-20,Black Mirror: Shut Up and Dance,2016,https://boxd.it/hRRq
2025-04-20,Black Mirror: Nosedive,2016,https://boxd.it/hK9G
2025-04-20,Black Mirror: White Christmas,2014,https://boxd.it/B3qu
2025-04-20,Black Mirror: Beyond the Sea,2023,https://boxd.it/H7QI
2025-04-20,Black Mirror: Loch Henry,2023,https://boxd.it/H7Pg
2025-04-20,Black Mirror: Joan Is Awful,2023,https://boxd.it/GWmi
2025-04-20,Black Mirror: San Junipero,2016,https://boxd.it/k4aS
2025-04-20,Black Mirror: Bandersnatch,2018,https://boxd.it/kTDG
2025-04-26,The Boy,2016,https://boxd.it/apZi
2025-05-02,Sinners,2025,https://boxd.it/KQMM
2025-05-03,The Fly,1986,https://boxd.it/1YIe
2025-05-08,Green Book,2018,https://boxd.it/hErk
2025-05-12,Parasite,2019,https://boxd.it/hTha
2025-07-12,Squid Game,2021,https://boxd.it/x1OG
2025-07-12,Session 9,2001,https://boxd.it/1UXu
2025-07-16,28 Years Later,2025,https://boxd.it/FEGM
2025-07-22,12 Angry Men,1957,https://boxd.it/2auI
2025-07-29,Hostel,2005,https://boxd.it/28ig
2025-07-29,Sound of Metal,2019,https://boxd.it/i7Q4
2025-08-28,Secretary,2002,https://boxd.it/1URc
2025-08-28,Crash,1996,https://boxd.it/29n2
2025-08-28,The Lost Daughter,2021,https://boxd.it/kgww
2025-09-11,Tetris,2023,https://boxd.it/rePK
2025-09-11,Smoke,2025,https://boxd.it/WOrQ
2025-09-11,The Grand Budapest Hotel,2014,https://boxd.it/3ZqO
2025-09-15,The Conjuring: Last Rites,2025,https://boxd.it/Dh8e
2025-12-17,Monster,2003,https://boxd.it/2afy
2025-12-17,Everything Everywhere All at Once,2022,https://boxd.it/jUk4
2025-12-19,Bugonia,2025,https://boxd.it/qeWY
2026-03-28,Hamnet,2025,https://boxd.it/woVy
2026-03-28,Ready or Not,2019,https://boxd.it/kOf0
2026-03-28,The Hills Have Eyes 2,2007,https://boxd.it/1XNs
2026-03-28,Wrong Turn 2: Dead End,2007,https://boxd.it/1QDA
2026-03-28,Wrong Turn,2003,https://boxd.it/1Xzq
2026-03-28,Wrong Turn 3: Left for Dead,2009,https://boxd.it/1yJ6
2026-03-28,Wrong Turn 4: Bloody Beginnings,2011,https://boxd.it/2qnS
2026-03-28,Wrong Turn 5: Bloodlines,2012,https://boxd.it/474Q
2026-03-28,Wrong Turn 6: Last Resort,2014,https://boxd.it/7FdI
2026-03-28,The Hills Have Eyes,1977,https://boxd.it/1Sa6
2026-03-28,The Hills Have Eyes Part 2,1984,https://boxd.it/1GSU
2026-04-04,Wuthering Heights,2026,https://boxd.it/OdIa
2026-04-12,F1,2025,https://boxd.it/yjVM
2026-04-12,Project Hail Mary,2026,https://boxd.it/pEeQ
2026-04-19,Something Very Bad Is Going to Happen,2026,https://boxd.it/11QRm
2026-07-03,Obsession,2025,https://boxd.it/PNqo
2026-07-03,Toy Story 5,2026,https://boxd.it/F06E
2026-07-29,The Odyssey,2026,https://boxd.it/QFQU
